<?xml version="1.0" encoding="utf-8"?>
<AABB Min="-5000 -5000" Max="5000 5000"/>
<MeshInstance Mesh="ShadowColumns_0.xml" Transform="1 0 0 0 0 1 0 0 0 0 1 0"/>
<MeshInstance Mesh="ShadowColumns_1.xml" Transform="1 0 0 0 0 1 0 0 0 0 1 0"/>
<MeshInstance Mesh="ShadowColumns_2.xml" Transform="1 0 0 0 0 1 0 0 0 0 1 0"/>
<MeshInstance Mesh="ShadowColumns_3.xml" Transform="1 0 0 0 0 1 0 0 0 0 1 0"/>
<MeshInstance Mesh="ShadowColumns_4.xml" Transform="1 0 0 0 0 1 0 0 0 0 1 0"/>
<MeshInstance Mesh="ShadowColumns_5.xml" Transform="1 0 0 0 0 1 0 0 0 0 1 0"/>
<MeshInstance Mesh="ShadowColumns_6.xml" Transform="1 0 0 0 0 1 0 0 0 0 1 0"/>
<MeshInstance Mesh="ShadowColumns_7.xml" Transform="1 0 0 0 0 1 0 0 0 0 1 0"/>
<MeshInstance Mesh="ShadowColumns_8.xml" Transform="1 0 0 0 0 1 0 0 0 0 1 0"/>
<MeshInstance Mesh="ShadowColumns_9.xml" Transform="1 0 0 0 0 1 0 0 0 0 1 0"/>
<MeshInstance Mesh="ShadowColumns_10.xml" Transform="1 0 0 0 0 1 0 0 0 0 1 0"/>
<MeshInstance Mesh="ShadowColumns_11.xml" Transform="1 0 0 0 0 1 0 0 0 0 1 0"/>
<MeshInstance Mesh="ShadowColumns_12.xml" Transform="1 0 0 0 0 1 0 0 0 0 1 0"/>
<MeshInstance Mesh="ShadowColumns_13.xml" Transform="1 0 0 0 0 1 0 0 0 0 1 0"/>
<MeshInstance Mesh="ShadowColumns_14.xml" Transform="1 0 0 0 0 1 0 0 0 0 1 0"/>
<MeshInstance Mesh="ShadowColumns_15.xml" Transform="1 0 0 0 0 1 0 0 0 0 1 0"/>
<MeshInstance Mesh="ShadowColumns_16.xml" Transform="1 0 0 0 0 1 0 0 0 0 1 0"/>
<MeshInstance Mesh="ShadowColumns_17.xml" Transform="1 0 0 0 0 1 0 0 0 0 1 0"/>
<MeshInstance Mesh="ShadowColumns_18.xml" Transform="1 0 0 0 0 1 0 0 0 0 1 0"/>
<MeshInstance Mesh="ShadowColumns_19.xml" Transform="1 0 0 0 0 1 0 0 0 0 1 0"/>
<MeshInstance Mesh="ShadowColumns_20.xml" Transform="1 0 0 0 0 1 0 0 0 0 1 0"/>
<MeshInstance Mesh="ShadowColumns_21.xml" Transform="1 0 0 0 0 1 0 0 0 0 1 0"/>
<MeshInstance Mesh="ShadowColumns_22.xml" Transform="1 0 0 0 0 1 0 0 0 0 1 0"/>
<MeshInstance Mesh="ShadowColumns_23.xml" Transform="1 0 0 0 0 1 0 0 0 0 1 0"/>
<MeshInstance Mesh="ShadowColumns_24.xml" Transform="1 0 0 0 0 1 0 0 0 0 1 0"/>
<MeshInstance Mesh="ShadowColumns_25.xml" Transform="1 0 0 0 0 1 0 0 0 0 1 0"/>
<MeshInstance Mesh="ShadowColumns_26.xml" Transform="1 0 0 0 0 1 0 0 0 0 1 0"/>
<MeshInstance Mesh="ShadowColumns_27.xml" Transform="1 0 0 0 0 1 0 0 0 0 1 0"/>
<MeshInstance Mesh="ShadowColumns_28.xml" Transform="1 0 0 0 0 1 0 0 0 0 1 0"/>
<MeshInstance Mesh="ShadowColumns_29.xml" Transform="1 0 0 0 0 1 0 0 0 0 1 0"/>
<MeshInstance Mesh="ShadowColumns_30.xml" Transform="1 0 0 0 0 1 0 0 0 0 1 0"/>
<MeshInstance Mesh="ShadowColumns_31.xml" Transform="1 0 0 0 0 1 0 0 0 0 1 0"/>
<MeshInstance Mesh="ShadowColumns_32.xml" Transform="1 0 0 0 0 1 0 0 0 0 1 0"/>
<MeshInstance Mesh="ShadowColumns_33.xml" Transform="1 0 0 0 0 1 0 0 0 0 1 0"/>
<MeshInstance Mesh="ShadowColumns_34.xml" Transform="1 0 0 0 0 1 0 0 0 0 1 0"/>
<MeshInstance Mesh="ShadowColumns_35.xml" Transform="1 0 0 0 0 1 0 0 0 0 1 0"/>
<MeshInstance Mesh="ShadowColumns_36.xml" Transform="1 0 0 0 0 1 0 0 0 0 1 0"/>
<MeshInstance Mesh="ShadowColumns_37.xml" Transform="1 0 0 0 0 1 0 0 0 0 1 0"/>
<MeshInstance Mesh="ShadowColumns_38.xml" Transform="1 0 0 0 0 1 0 0 0 0 1 0"/>
<MeshInstance Mesh="ShadowColumns_39.xml" Transform="1 0 0 0 0 1 0 0 0 0 1 0"/>
<MeshInstance Mesh="ShadowColumns_40.xml" Transform="1 0 0 0 0 1 0 0 0 0 1 0"/>
<MeshInstance Mesh="ShadowColumns_41.xml" Transform="1 0 0 0 0 1 0 0 0 0 1 0"/>
<MeshInstance Mesh="ShadowColumns_42.xml" Transform="1 0 0 0 0 1 0 0 0 0 1 0"/>
<MeshInstance Mesh="ShadowColumns_43.xml" Transform="1 0 0 0 0 1 0 0 0 0 1 0"/>
<MeshInstance Mesh="ShadowColumns_44.xml" Transform="1 0 0 0 0 1 0 0 0 0 1 0"/>
<MeshInstance Mesh="ShadowColumns_45.xml" Transform="1 0 0 0 0 1 0 0 0 0 1 0"/>
<MeshInstance Mesh="ShadowColumns_46.xml" Transform="1 0 0 0 0 1 0 0 0 0 1 0"/>
<MeshInstance Mesh="ShadowColumns_47.xml" Transform="1 0 0 0 0 1 0 0 0 0 1 0"/>
<MeshInstance Mesh="ShadowColumns_48.xml" Transform="1 0 0 0 0 1 0 0 0 0 1 0"/>
<MeshInstance Mesh="ShadowColumns_49.xml" Transform="1 0 0 0 0 1 0 0 0 0 1 0"/>
<MeshInstance Mesh="ShadowColumns_50.xml" Transform="1 0 0 0 0 1 0 0 0 0 1 0"/>
<MeshInstance Mesh="ShadowColumns_51.xml" Transform="1 0 0 0 0 1 0 0 0 0 1 0"/>
<MeshInstance Mesh="ShadowColumns_52.xml" Transform="1 0 0 0 0 1 0 0 0 0 1 0"/>
<MeshInstance Mesh="ShadowColumns_53.xml" Transform="1 0 0 0 0 1 0 0 0 0 1 0"/>
<MeshInstance Mesh="ShadowColumns_54.xml" Transform="1 0 0 0 0 1 0 0 0 0 1 0"/>
<MeshInstance Mesh="ShadowColumns_55.xml" Transform="1 0 0 0 0 1 0 0 0 0 1 0"/>
<MeshInstance Mesh="ShadowColumns_56.xml" Transform="1 0 0 0 0 1 0 0 0 0 1 0"/>
<MeshInstance Mesh="ShadowColumns_57.xml" Transform="1 0 0 0 0 1 0 0 0 0 1 0"/>
<MeshInstance Mesh="ShadowColumns_58.xml" Transform="1 0 0 0 0 1 0 0 0 0 1 0"/>
<MeshInstance Mesh="ShadowColumns_59.xml" Transform="1 0 0 0 0 1 0 0 0 0 1 0"/>
<MeshInstance Mesh="ShadowColumns_60.xml" Transform="1 0 0 0 0 1 0 0 0 0 1 0"/>
<MeshInstance Mesh="ShadowColumns_61.xml" Transform="1 0 0 0 0 1 0 0 0 0 1 0"/>
<MeshInstance Mesh="ShadowColumns_62.xml" Transform="1 0 0 0 0 1 0 0 0 0 1 0"/>
<MeshInstance Mesh="ShadowColumns_63.xml" Transform="1 0 0 0 0 1 0 0 0 0 1 0"/>
<MeshInstance Mesh="ShadowColumns_64.xml" Transform="1 0 0 0 0 1 0 0 0 0 1 0"/>
<MeshInstance Mesh="ShadowColumns_65.xml" Transform="1 0 0 0 0 1 0 0 0 0 1 0"/>
<MeshInstance Mesh="ShadowColumns_66.xml" Transform="1 0 0 0 0 1 0 0 0 0 1 0"/>
<MeshInstance Mesh="ShadowColumns_67.xml" Transform="1 0 0 0 0 1 0 0 0 0 1 0"/>
<MeshInstance Mesh="ShadowColumns_68.xml" Transform="1 0 0 0 0 1 0 0 0 0 1 0"/>
<MeshInstance Mesh="ShadowColumns_69.xml" Transform="1 0 0 0 0 1 0 0 0 0 1 0"/>
<MeshInstance Mesh="ShadowColumns_70.xml" Transform="1 0 0 0 0 1 0 0 0 0 1 0"/>
<MeshInstance Mesh="ShadowColumns_71.xml" Transform="1 0 0 0 0 1 0 0 0 0 1 0"/>
<MeshInstance Mesh="ShadowColumns_72.xml" Transform="1 0 0 0 0 1 0 0 0 0 1 0"/>
<MeshInstance Mesh="ShadowColumns_73.xml" Transform="1 0 0 0 0 1 0 0 0 0 1 0"/>
<MeshInstance Mesh="ShadowColumns_74.xml" Transform="1 0 0 0 0 1 0 0 0 0 1 0"/>
<MeshInstance Mesh="ShadowColumns_75.xml" Transform="1 0 0 0 0 1 0 0 0 0 1 0"/>
<MeshInstance Mesh="ShadowColumns_76.xml" Transform="1 0 0 0 0 1 0 0 0 0 1 0"/>
<MeshInstance Mesh="ShadowColumns_77.xml" Transform="1 0 0 0 0 1 0 0 0 0 1 0"/>
<MeshInstance Mesh="ShadowColumns_78.xml" Transform="1 0 0 0 0 1 0 0 0 0 1 0"/>
<MeshInstance Mesh="ShadowColumns_79.xml" Transform="1 0 0 0 0 1 0 0 0 0 1 0"/>
<MeshInstance Mesh="ShadowColumns_80.xml" Transform="1 0 0 0 0 1 0 0 0 0 1 0"/>
<MeshInstance Mesh="ShadowColumns_81.xml" Transform="1 0 0 0 0 1 0 0 0 0 1 0"/>
<MeshInstance Mesh="ShadowColumns_82.xml" Transform="1 0 0 0 0 1 0 0 0 0 1 0"/>
<MeshInstance Mesh="ShadowColumns_83.xml" Transform="1 0 0 0 0 1 0 0 0 0 1 0"/>
<MeshInstance Mesh="ShadowColumns_84.xml" Transform="1 0 0 0 0 1 0 0 0 0 1 0"/>
<MeshInstance Mesh="ShadowColumns_85.xml" Transform="1 0 0 0 0 1 0 0 0 0 1 0"/>
<MeshInstance Mesh="ShadowColumns_86.xml" Transform="1 0 0 0 0 1 0 0 0 0 1 0"/>
<MeshInstance Mesh="ShadowColumns_87.xml" Transform="1 0 0 0 0 1 0 0 0 0 1 0"/>
<MeshInstance Mesh="ShadowColumns_88.xml" Transform="1 0 0 0 0 1 0 0 0 0 1 0"/>
<MeshInstance Mesh="ShadowColumns_89.xml" Transform="1 0 0 0 0 1 0 0 0 0 1 0"/>
<MeshInstance Mesh="ShadowColumns_90.xml" Transform="1 0 0 0 0 1 0 0 0 0 1 0"/>
<MeshInstance Mesh="ShadowColumns_91.xml" Transform="1 0 0 0 0 1 0 0 0 0 1 0"/>
<MeshInstance Mesh="ShadowColumns_92.xml" Transform="1 0 0 0 0 1 0 0 0 0 1 0"/>
<MeshInstance Mesh="ShadowColumns_93.xml" Transform="1 0 0 0 0 1 0 0 0 0 1 0"/>
<MeshInstance Mesh="ShadowColumns_94.xml" Transform="1 0 0 0 0 1 0 0 0 0 1 0"/>
<MeshInstance Mesh="ShadowColumns_95.xml" Transform="1 0 0 0 0 1 0 0 0 0 1 0"/>
<MeshInstance Mesh="ShadowColumns_96.xml" Transform="1 0 0 0 0 1 0 0 0 0 1 0"/>
<MeshInstance Mesh="ShadowColumns_97.xml" Transform="1 0 0 0 0 1 0 0 0 0 1 0"/>
<MeshInstance Mesh="ShadowColumns_98.xml" Transform="1 0 0 0 0 1 0 0 0 0 1 0"/>
<MeshInstance Mesh="ShadowColumns_99.xml" Transform="1 0 0 0 0 1 0 0 0 0 1 0"/>
<MeshInstance Mesh="ShadowColumns_100.xml" Transform="1 0 0 0 0 1 0 0 0 0 1 0"/>
<MeshInstance Mesh="ShadowColumns_101.xml" Transform="1 0 0 0 0 1 0 0 0 0 1 0"/>
<MeshInstance Mesh="ShadowColumns_102.xml" Transform="1 0 0 0 0 1 0 0 0 0 1 0"/>
<MeshInstance Mesh="ShadowColumns_103.xml" Transform="1 0 0 0 0 1 0 0 0 0 1 0"/>
<MeshInstance Mesh="ShadowColumns_104.xml" Transform="1 0 0 0 0 1 0 0 0 0 1 0"/>
<MeshInstance Mesh="ShadowColumns_105.xml" Transform="1 0 0 0 0 1 0 0 0 0 1 0"/>
<MeshInstance Mesh="ShadowColumns_106.xml" Transform="1 0 0 0 0 1 0 0 0 0 1 0"/>
<MeshInstance Mesh="ShadowColumns_107.xml" Transform="1 0 0 0 0 1 0 0 0 0 1 0"/>
<MeshInstance Mesh="ShadowColumns_108.xml" Transform="1 0 0 0 0 1 0 0 0 0 1 0"/>
<MeshInstance Mesh="ShadowColumns_109.xml" Transform="1 0 0 0 0 1 0 0 0 0 1 0"/>
<MeshInstance Mesh="ShadowColumns_110.xml" Transform="1 0 0 0 0 1 0 0 0 0 1 0"/>
<MeshInstance Mesh="ShadowColumns_111.xml" Transform="1 0 0 0 0 1 0 0 0 0 1 0"/>
<MeshInstance Mesh="ShadowColumns_112.xml" Transform="1 0 0 0 0 1 0 0 0 0 1 0"/>
<MeshInstance Mesh="ShadowColumns_113.xml" Transform="1 0 0 0 0 1 0 0 0 0 1 0"/>
<MeshInstance Mesh="ShadowColumns_114.xml" Transform="1 0 0 0 0 1 0 0 0 0 1 0"/>
<MeshInstance Mesh="ShadowColumns_115.xml" Transform="1 0 0 0 0 1 0 0 0 0 1 0"/>
<MeshInstance Mesh="ShadowColumns_116.xml" Transform="1 0 0 0 0 1 0 0 0 0 1 0"/>
<MeshInstance Mesh="ShadowColumns_117.xml" Transform="1 0 0 0 0 1 0 0 0 0 1 0"/>
<MeshInstance Mesh="ShadowColumns_118.xml" Transform="1 0 0 0 0 1 0 0 0 0 1 0"/>
<MeshInstance Mesh="ShadowColumns_119.xml" Transform="1 0 0 0 0 1 0 0 0 0 1 0"/>
<MeshInstance Mesh="ShadowColumns_120.xml" Transform="1 0 0 0 0 1 0 0 0 0 1 0"/>
<MeshInstance Mesh="ShadowColumns_121.xml" Transform="1 0 0 0 0 1 0 0 0 0 1 0"/>
<MeshInstance Mesh="ShadowColumns_122.xml" Transform="1 0 0 0 0 1 0 0 0 0 1 0"/>
<MeshInstance Mesh="ShadowColumns_123.xml" Transform="1 0 0 0 0 1 0 0 0 0 1 0"/>
<MeshInstance Mesh="ShadowColumns_124.xml" Transform="1 0 0 0 0 1 0 0 0 0 1 0"/>
<MeshInstance Mesh="ShadowColumns_125.xml" Transform="1 0 0 0 0 1 0 0 0 0 1 0"/>
<MeshInstance Mesh="ShadowColumns_126.xml" Transform="1 0 0 0 0 1 0 0 0 0 1 0"/>
<MeshInstance Mesh="ShadowColumns_127.xml" Transform="1 0 0 0 0 1 0 0 0 0 1 0"/>
<MeshInstance Mesh="ShadowColumns_128.xml" Transform="1 0 0 0 0 1 0 0 0 0 1 0"/>
<MeshInstance Mesh="ShadowColumns_129.xml" Transform="1 0 0 0 0 1 0 0 0 0 1 0"/>
<MeshInstance Mesh="ShadowColumns_130.xml" Transform="1 0 0 0 0 1 0 0 0 0 1 0"/>
<MeshInstance Mesh="ShadowColumns_131.xml" Transform="1 0 0 0 0 1 0 0 0 0 1 0"/>
<MeshInstance Mesh="ShadowColumns_132.xml" Transform="1 0 0 0 0 1 0 0 0 0 1 0"/>
<MeshInstance Mesh="ShadowColumns_133.xml" Transform="1 0 0 0 0 1 0 0 0 0 1 0"/>
<MeshInstance Mesh="ShadowColumns_134.xml" Transform="1 0 0 0 0 1 0 0 0 0 1 0"/>
<MeshInstance Mesh="ShadowColumns_135.xml" Transform="1 0 0 0 0 1 0 0 0 0 1 0"/>
<MeshInstance Mesh="ShadowColumns_136.xml" Transform="1 0 0 0 0 1 0 0 0 0 1 0"/>
<MeshInstance Mesh="ShadowColumns_137.xml" Transform="1 0 0 0 0 1 0 0 0 0 1 0"/>
<MeshInstance Mesh="ShadowColumns_138.xml" Transform="1 0 0 0 0 1 0 0 0 0 1 0"/>
<MeshInstance Mesh="ShadowColumns_139.xml" Transform="1 0 0 0 0 1 0 0 0 0 1 0"/>
<MeshInstance Mesh="ShadowColumns_140.xml" Transform="1 0 0 0 0 1 0 0 0 0 1 0"/>
<MeshInstance Mesh="ShadowColumns_141.xml" Transform="1 0 0 0 0 1 0 0 0 0 1 0"/>
<MeshInstance Mesh="ShadowColumns_142.xml" Transform="1 0 0 0 0 1 0 0 0 0 1 0"/>
<MeshInstance Mesh="ShadowColumns_143.xml" Transform="1 0 0 0 0 1 0 0 0 0 1 0"/>
<MeshInstance Mesh="ShadowColumns_144.xml" Transform="1 0 0 0 0 1 0 0 0 0 1 0"/>
<MeshInstance Mesh="ShadowColumns_145.xml" Transform="1 0 0 0 0 1 0 0 0 0 1 0"/>
<MeshInstance Mesh="ShadowColumns_146.xml" Transform="1 0 0 0 0 1 0 0 0 0 1 0"/>
<MeshInstance Mesh="ShadowColumns_147.xml" Transform="1 0 0 0 0 1 0 0 0 0 1 0"/>
<MeshInstance Mesh="ShadowColumns_148.xml" Transform="1 0 0 0 0 1 0 0 0 0 1 0"/>
<MeshInstance Mesh="ShadowColumns_149.xml" Transform="1 0 0 0 0 1 0 0 0 0 1 0"/>
<MeshInstance Mesh="ShadowColumns_150.xml" Transform="1 0 0 0 0 1 0 0 0 0 1 0"/>
<MeshInstance Mesh="ShadowColumns_151.xml" Transform="1 0 0 0 0 1 0 0 0 0 1 0"/>
<MeshInstance Mesh="ShadowColumns_152.xml" Transform="1 0 0 0 0 1 0 0 0 0 1 0"/>
<MeshInstance Mesh="ShadowColumns_153.xml" Transform="1 0 0 0 0 1 0 0 0 0 1 0"/>
<MeshInstance Mesh="ShadowColumns_154.xml" Transform="1 0 0 0 0 1 0 0 0 0 1 0"/>
<MeshInstance Mesh="ShadowColumns_155.xml" Transform="1 0 0 0 0 1 0 0 0 0 1 0"/>
<MeshInstance Mesh="ShadowColumns_156.xml" Transform="1 0 0 0 0 1 0 0 0 0 1 0"/>
<MeshInstance Mesh="ShadowColumns_157.xml" Transform="1 0 0 0 0 1 0 0 0 0 1 0"/>
<MeshInstance Mesh="ShadowColumns_158.xml" Transform="1 0 0 0 0 1 0 0 0 0 1 0"/>
<MeshInstance Mesh="ShadowColumns_159.xml" Transform="1 0 0 0 0 1 0 0 0 0 1 0"/>
<MeshInstance Mesh="ShadowColumns_160.xml" Transform="1 0 0 0 0 1 0 0 0 0 1 0"/>
<MeshInstance Mesh="ShadowColumns_161.xml" Transform="1 0 0 0 0 1 0 0 0 0 1 0"/>
<MeshInstance Mesh="ShadowColumns_162.xml" Transform="1 0 0 0 0 1 0 0 0 0 1 0"/>
<MeshInstance Mesh="ShadowColumns_163.xml" Transform="1 0 0 0 0 1 0 0 0 0 1 0"/>
<MeshInstance Mesh="ShadowColumns_164.xml" Transform="1 0 0 0 0 1 0 0 0 0 1 0"/>
<MeshInstance Mesh="ShadowColumns_165.xml" Transform="1 0 0 0 0 1 0 0 0 0 1 0"/>
<MeshInstance Mesh="ShadowColumns_166.xml" Transform="1 0 0 0 0 1 0 0 0 0 1 0"/>
<MeshInstance Mesh="ShadowColumns_167.xml" Transform="1 0 0 0 0 1 0 0 0 0 1 0"/>
<MeshInstance Mesh="ShadowColumns_168.xml" Transform="1 0 0 0 0 1 0 0 0 0 1 0"/>
<MeshInstance Mesh="ShadowColumns_169.xml" Transform="1 0 0 0 0 1 0 0 0 0 1 0"/>
<MeshInstance Mesh="ShadowColumns_170.xml" Transform="1 0 0 0 0 1 0 0 0 0 1 0"/>
<MeshInstance Mesh="ShadowColumns_171.xml" Transform="1 0 0 0 0 1 0 0 0 0 1 0"/>
<MeshInstance Mesh="ShadowColumns_172.xml" Transform="1 0 0 0 0 1 0 0 0 0 1 0"/>
<MeshInstance Mesh="ShadowColumns_173.xml" Transform="1 0 0 0 0 1 0 0 0 0 1 0"/>
<MeshInstance Mesh="ShadowColumns_174.xml" Transform="1 0 0 0 0 1 0 0 0 0 1 0"/>
<MeshInstance Mesh="ShadowColumns_175.xml" Transform="1 0 0 0 0 1 0 0 0 0 1 0"/>
<MeshInstance Mesh="ShadowColumns_176.xml" Transform="1 0 0 0 0 1 0 0 0 0 1 0"/>
<MeshInstance Mesh="ShadowColumns_177.xml" Transform="1 0 0 0 0 1 0 0 0 0 1 0"/>
<MeshInstance Mesh="ShadowColumns_178.xml" Transform="1 0 0 0 0 1 0 0 0 0 1 0"/>
<MeshInstance Mesh="ShadowColumns_179.xml" Transform="1 0 0 0 0 1 0 0 0 0 1 0"/>
<MeshInstance Mesh="ShadowColumns_180.xml" Transform="1 0 0 0 0 1 0 0 0 0 1 0"/>
<MeshInstance Mesh="ShadowColumns_181.xml" Transform="1 0 0 0 0 1 0 0 0 0 1 0"/>
<MeshInstance Mesh="ShadowColumns_182.xml" Transform="1 0 0 0 0 1 0 0 0 0 1 0"/>
