<?xml version="1.0" encoding="utf-8"?>
<Project DefaultTargets="Build" ToolsVersion="4.0" xmlns="http://schemas.microsoft.com/developer/msbuild/2003">
<ItemGroup Label="ProjectConfigurations">
<ProjectConfiguration Include="Debug|Win32">
<Configuration>Debug</Configuration>
<Platform>Win32</Platform>
</ProjectConfiguration>
<ProjectConfiguration Include="Debug|x64">
<Configuration>Debug</Configuration>
<Platform>x64</Platform>
</ProjectConfiguration>
<ProjectConfiguration Include="Profile|Win32">
<Configuration>Profile</Configuration>
<Platform>Win32</Platform>
</ProjectConfiguration>
<ProjectConfiguration Include="Profile|x64">
<Configuration>Profile</Configuration>
<Platform>x64</Platform>
</ProjectConfiguration>
<ProjectConfiguration Include="Release|Win32">
<Configuration>Release</Configuration>
<Platform>Win32</Platform>
</ProjectConfiguration>
<ProjectConfiguration Include="Release|x64">
<Configuration>Release</Configuration>
<Platform>x64</Platform>
</ProjectConfiguration>
</ItemGroup>
<PropertyGroup Label="Globals">
<ProjectName>DXUT</ProjectName>
<ProjectGuid>{85344B7F-5AA0-4e12-A065-D1333D11F6CA}</ProjectGuid>
<RootNamespace>DXUT</RootNamespace>
<Keyword>Win32Proj</Keyword>
</PropertyGroup>
<Import Project="$(VCTargetsPath)\Microsoft.Cpp.Default.props" />
<PropertyGroup Condition="'$(Configuration)|$(Platform)'=='Debug|Win32'" Label="Configuration">
<ConfigurationType>StaticLibrary</ConfigurationType>
<CharacterSet>Unicode</CharacterSet>
</PropertyGroup>
<PropertyGroup Condition="'$(Configuration)|$(Platform)'=='Debug|X64'" Label="Configuration">
<ConfigurationType>StaticLibrary</ConfigurationType>
<CharacterSet>Unicode</CharacterSet>
</PropertyGroup>
<PropertyGroup Condition="'$(Configuration)|$(Platform)'=='Release|Win32'" Label="Configuration">
<ConfigurationType>StaticLibrary</ConfigurationType>
<WholeProgramOptimization>true</WholeProgramOptimization>
<CharacterSet>Unicode</CharacterSet>
</PropertyGroup>
<PropertyGroup Condition="'$(Configuration)|$(Platform)'=='Release|X64'" Label="Configuration">
<ConfigurationType>StaticLibrary</ConfigurationType>
<WholeProgramOptimization>true</WholeProgramOptimization>
<CharacterSet>Unicode</CharacterSet>
</PropertyGroup>
<PropertyGroup Condition="'$(Configuration)|$(Platform)'=='Profile|Win32'" Label="Configuration">
<ConfigurationType>StaticLibrary</ConfigurationType>
<WholeProgramOptimization>true</WholeProgramOptimization>
<CharacterSet>Unicode</CharacterSet>
</PropertyGroup>
<PropertyGroup Condition="'$(Configuration)|$(Platform)'=='Profile|X64'" Label="Configuration">
<ConfigurationType>StaticLibrary</ConfigurationType>
<WholeProgramOptimization>true</WholeProgramOptimization>
<CharacterSet>Unicode</CharacterSet>
</PropertyGroup>
<Import Project="$(VCTargetsPath)\Microsoft.Cpp.props" />
<ImportGroup Label="ExtensionSettings" />
<ImportGroup Condition="'$(Configuration)|$(Platform)'=='Profile|Win32'" Label="PropertySheets">
<Import Project="$(UserRootDir)\Microsoft.Cpp.$(Platform).user.props" Condition="exists('$(UserRootDir)\Microsoft.Cpp.$(Platform).user.props')" Label="LocalAppDataPlatform" />
</ImportGroup>
<ImportGroup Condition="'$(Configuration)|$(Platform)'=='Release|Win32'" Label="PropertySheets">
<Import Project="$(UserRootDir)\Microsoft.Cpp.$(Platform).user.props" Condition="exists('$(UserRootDir)\Microsoft.Cpp.$(Platform).user.props')" Label="LocalAppDataPlatform" />
</ImportGroup>
<ImportGroup Condition="'$(Configuration)|$(Platform)'=='Debug|Win32'" Label="PropertySheets">
<Import Project="$(UserRootDir)\Microsoft.Cpp.$(Platform).user.props" Condition="exists('$(UserRootDir)\Microsoft.Cpp.$(Platform).user.props')" Label="LocalAppDataPlatform" />
</ImportGroup>
<ImportGroup Condition="'$(Configuration)|$(Platform)'=='Profile|x64'" Label="PropertySheets">
<Import Project="$(UserRootDir)\Microsoft.Cpp.$(Platform).user.props" Condition="exists('$(UserRootDir)\Microsoft.Cpp.$(Platform).user.props')" Label="LocalAppDataPlatform" />
</ImportGroup>
<ImportGroup Condition="'$(Configuration)|$(Platform)'=='Release|x64'" Label="PropertySheets">
<Import Project="$(UserRootDir)\Microsoft.Cpp.$(Platform).user.props" Condition="exists('$(UserRootDir)\Microsoft.Cpp.$(Platform).user.props')" Label="LocalAppDataPlatform" />
</ImportGroup>
<ImportGroup Condition="'$(Configuration)|$(Platform)'=='Debug|x64'" Label="PropertySheets">
<Import Project="$(UserRootDir)\Microsoft.Cpp.$(Platform).user.props" Condition="exists('$(UserRootDir)\Microsoft.Cpp.$(Platform).user.props')" Label="LocalAppDataPlatform" />
</ImportGroup>
<PropertyGroup Label="UserMacros" />
<PropertyGroup Condition="'$(Configuration)|$(Platform)'=='Debug|Win32'">
<LinkIncremental>true</LinkIncremental>
<GenerateManifest>true</GenerateManifest>
<ExecutablePath>$(DXSDK_DIR)Utilities\bin\x86;$(ExecutablePath)</ExecutablePath>
<IncludePath>$(DXSDK_DIR)Include;$(IncludePath)</IncludePath>
<LibraryPath>$(DXSDK_DIR)Lib\x86;$(LibraryPath)</LibraryPath>
</PropertyGroup>
<PropertyGroup Condition="'$(Configuration)|$(Platform)'=='Debug|X64'">
<LinkIncremental>true</LinkIncremental>
<GenerateManifest>true</GenerateManifest>
<ExecutablePath>$(DXSDK_DIR)Utilities\bin\x64;$(DXSDK_DIR)Utilities\bin\x86;$(ExecutablePath)</ExecutablePath>
<IncludePath>$(DXSDK_DIR)Include;$(IncludePath)</IncludePath>
<LibraryPath>$(DXSDK_DIR)Lib\x64;$(LibraryPath)</LibraryPath>
</PropertyGroup>
<PropertyGroup Condition="'$(Configuration)|$(Platform)'=='Release|Win32'">
<LinkIncremental>false</LinkIncremental>
<GenerateManifest>true</GenerateManifest>
<ExecutablePath>$(DXSDK_DIR)Utilities\bin\x86;$(ExecutablePath)</ExecutablePath>
<IncludePath>$(DXSDK_DIR)Include;$(IncludePath)</IncludePath>
<LibraryPath>$(DXSDK_DIR)Lib\x86;$(LibraryPath)</LibraryPath>
</PropertyGroup>
<PropertyGroup Condition="'$(Configuration)|$(Platform)'=='Release|X64'">
<LinkIncremental>false</LinkIncremental>
<GenerateManifest>true</GenerateManifest>
<ExecutablePath>$(DXSDK_DIR)Utilities\bin\x64;$(DXSDK_DIR)Utilities\bin\x86;$(ExecutablePath)</ExecutablePath>
<IncludePath>$(DXSDK_DIR)Include;$(IncludePath)</IncludePath>
<LibraryPath>$(DXSDK_DIR)Lib\x64;$(LibraryPath)</LibraryPath>
</PropertyGroup>
<PropertyGroup Condition="'$(Configuration)|$(Platform)'=='Profile|Win32'">
<LinkIncremental>false</LinkIncremental>
<GenerateManifest>true</GenerateManifest>
<ExecutablePath>$(DXSDK_DIR)Utilities\bin\x86;$(ExecutablePath)</ExecutablePath>
<IncludePath>$(DXSDK_DIR)Include;$(IncludePath)</IncludePath>
<LibraryPath>$(DXSDK_DIR)Lib\x86;$(LibraryPath)</LibraryPath>
</PropertyGroup>
<PropertyGroup Condition="'$(Configuration)|$(Platform)'=='Profile|X64'">
<LinkIncremental>false</LinkIncremental>
<GenerateManifest>true</GenerateManifest>
<ExecutablePath>$(DXSDK_DIR)Utilities\bin\x64;$(DXSDK_DIR)Utilities\bin\x86;$(ExecutablePath)</ExecutablePath>
<IncludePath>$(DXSDK_DIR)Include;$(IncludePath)</IncludePath>
<LibraryPath>$(DXSDK_DIR)Lib\x64;$(LibraryPath)</LibraryPath>
</PropertyGroup>
<ItemDefinitionGroup Condition="'$(Configuration)|$(Platform)'=='Debug|Win32'">
<ClCompile>
<WarningLevel>Level4</WarningLevel>
<Optimization>Disabled</Optimization>
<RuntimeLibrary>MultiThreadedDebugDLL</RuntimeLibrary>
<OpenMPSupport>false</OpenMPSupport>
<IntrinsicFunctions>true</IntrinsicFunctions>
<FloatingPointModel>Fast</FloatingPointModel>
<EnableEnhancedInstructionSet>StreamingSIMDExtensions2</EnableEnhancedInstructionSet>
<ExceptionHandling>Sync</ExceptionHandling>
<AdditionalIncludeDirectories>..\..\\Core;..\..\\Optional;%(AdditionalIncludeDirectories)</AdditionalIncludeDirectories>
<AdditionalOptions> %(AdditionalOptions)</AdditionalOptions>
<PreprocessorDefinitions>WIN32;_DEBUG;DEBUG;PROFILE;_WINDOWS;_LIB;D3DXFX_LARGEADDRESS_HANDLE;%(PreprocessorDefinitions)</PreprocessorDefinitions>
<DebugInformationFormat>EditAndContinue</DebugInformationFormat>
<BasicRuntimeChecks>EnableFastChecks</BasicRuntimeChecks>
</ClCompile>
<Link>
<AdditionalOptions> %(AdditionalOptions)</AdditionalOptions>
<AdditionalDependencies>%(AdditionalDependencies)</AdditionalDependencies>
<SubSystem>Windows</SubSystem>
<GenerateDebugInformation>true</GenerateDebugInformation>
<LargeAddressAware>true</LargeAddressAware>
<RandomizedBaseAddress>true</RandomizedBaseAddress>
<DataExecutionPrevention>true</DataExecutionPrevention>
<TargetMachine>MachineX86</TargetMachine>
<UACExecutionLevel>AsInvoker</UACExecutionLevel>
<DelayLoadDLLs>%(DelayLoadDLLs)</DelayLoadDLLs>
</Link>
<Manifest>
<EnableDPIAwareness>false</EnableDPIAwareness>
</Manifest>
<PreBuildEvent>
<Command></Command>
</PreBuildEvent>
<PostBuildEvent>
<Command></Command>
</PostBuildEvent>
</ItemDefinitionGroup>
<ItemDefinitionGroup Condition="'$(Configuration)|$(Platform)'=='Debug|X64'">
<ClCompile>
<WarningLevel>Level4</WarningLevel>
<Optimization>Disabled</Optimization>
<RuntimeLibrary>MultiThreadedDebugDLL</RuntimeLibrary>
<OpenMPSupport>false</OpenMPSupport>
<IntrinsicFunctions>true</IntrinsicFunctions>
<FloatingPointModel>Fast</FloatingPointModel>
<ExceptionHandling>Sync</ExceptionHandling>
<AdditionalIncludeDirectories>..\..\\Core;..\..\\Optional;%(AdditionalIncludeDirectories)</AdditionalIncludeDirectories>
<AdditionalOptions> %(AdditionalOptions)</AdditionalOptions>
<PreprocessorDefinitions>WIN32;_DEBUG;DEBUG;PROFILE;_WINDOWS;_LIB;D3DXFX_LARGEADDRESS_HANDLE;%(PreprocessorDefinitions)</PreprocessorDefinitions>
<BasicRuntimeChecks>EnableFastChecks</BasicRuntimeChecks>
</ClCompile>
<Link>
<AdditionalOptions> %(AdditionalOptions)</AdditionalOptions>
<AdditionalDependencies>%(AdditionalDependencies)</AdditionalDependencies>
<SubSystem>Windows</SubSystem>
<GenerateDebugInformation>true</GenerateDebugInformation>
<LargeAddressAware>true</LargeAddressAware>
<RandomizedBaseAddress>true</RandomizedBaseAddress>
<DataExecutionPrevention>true</DataExecutionPrevention>
<TargetMachine>MachineX64</TargetMachine>
<UACExecutionLevel>AsInvoker</UACExecutionLevel>
<DelayLoadDLLs>%(DelayLoadDLLs)</DelayLoadDLLs>
</Link>
<Manifest>
<EnableDPIAwareness>false</EnableDPIAwareness>
</Manifest>
<PreBuildEvent>
<Command></Command>
</PreBuildEvent>
<PostBuildEvent>
<Command></Command>
</PostBuildEvent>
</ItemDefinitionGroup>
<ItemDefinitionGroup Condition="'$(Configuration)|$(Platform)'=='Release|Win32'">
<ClCompile>
<WarningLevel>Level4</WarningLevel>
<Optimization>MaxSpeed</Optimization>
<RuntimeLibrary>MultiThreadedDLL</RuntimeLibrary>
<OpenMPSupport>false</OpenMPSupport>
<FunctionLevelLinking>true</FunctionLevelLinking>
<IntrinsicFunctions>true</IntrinsicFunctions>
<FloatingPointModel>Fast</FloatingPointModel>
<EnableEnhancedInstructionSet>StreamingSIMDExtensions2</EnableEnhancedInstructionSet>
<ExceptionHandling>Sync</ExceptionHandling>
<AdditionalIncludeDirectories>..\..\\Core;..\..\\Optional;%(AdditionalIncludeDirectories)</AdditionalIncludeDirectories>
<AdditionalOptions> %(AdditionalOptions)</AdditionalOptions>
<PreprocessorDefinitions>WIN32;NDEBUG;_WINDOWS;_LIB;D3DXFX_LARGEADDRESS_HANDLE;%(PreprocessorDefinitions)</PreprocessorDefinitions>
</ClCompile>
<Link>
<AdditionalOptions> %(AdditionalOptions)</AdditionalOptions>
<AdditionalDependencies>%(AdditionalDependencies)</AdditionalDependencies>
<GenerateDebugInformation>true</GenerateDebugInformation>
<SubSystem>Windows</SubSystem>
<OptimizeReferences>true</OptimizeReferences>
<EnableCOMDATFolding>true</EnableCOMDATFolding>
<LargeAddressAware>true</LargeAddressAware>
<RandomizedBaseAddress>true</RandomizedBaseAddress>
<DataExecutionPrevention>true</DataExecutionPrevention>
<TargetMachine>MachineX86</TargetMachine>
<UACExecutionLevel>AsInvoker</UACExecutionLevel>
<DelayLoadDLLs>%(DelayLoadDLLs)</DelayLoadDLLs>
</Link>
<Manifest>
<EnableDPIAwareness>false</EnableDPIAwareness>
</Manifest>
<PreBuildEvent>
<Command></Command>
</PreBuildEvent>
<PostBuildEvent>
<Command></Command>
</PostBuildEvent>
</ItemDefinitionGroup>
<ItemDefinitionGroup Condition="'$(Configuration)|$(Platform)'=='Release|X64'">
<ClCompile>
<WarningLevel>Level4</WarningLevel>
<Optimization>MaxSpeed</Optimization>
<RuntimeLibrary>MultiThreadedDLL</RuntimeLibrary>
<OpenMPSupport>false</OpenMPSupport>
<FunctionLevelLinking>true</FunctionLevelLinking>
<IntrinsicFunctions>true</IntrinsicFunctions>
<FloatingPointModel>Fast</FloatingPointModel>
<ExceptionHandling>Sync</ExceptionHandling>
<AdditionalIncludeDirectories>..\..\\Core;..\..\\Optional;%(AdditionalIncludeDirectories)</AdditionalIncludeDirectories>
<AdditionalOptions> %(AdditionalOptions)</AdditionalOptions>
<PreprocessorDefinitions>WIN32;NDEBUG;_WINDOWS;_LIB;D3DXFX_LARGEADDRESS_HANDLE;%(PreprocessorDefinitions)</PreprocessorDefinitions>
</ClCompile>
<Link>
<AdditionalOptions> %(AdditionalOptions)</AdditionalOptions>
<AdditionalDependencies>%(AdditionalDependencies)</AdditionalDependencies>
<GenerateDebugInformation>true</GenerateDebugInformation>
<SubSystem>Windows</SubSystem>
<OptimizeReferences>true</OptimizeReferences>
<EnableCOMDATFolding>true</EnableCOMDATFolding>
<LargeAddressAware>true</LargeAddressAware>
<RandomizedBaseAddress>true</RandomizedBaseAddress>
<DataExecutionPrevention>true</DataExecutionPrevention>
<TargetMachine>MachineX64</TargetMachine>
<UACExecutionLevel>AsInvoker</UACExecutionLevel>
<DelayLoadDLLs>%(DelayLoadDLLs)</DelayLoadDLLs>
</Link>
<Manifest>
<EnableDPIAwareness>false</EnableDPIAwareness>
</Manifest>
<PreBuildEvent>
<Command></Command>
</PreBuildEvent>
<PostBuildEvent>
<Command></Command>
</PostBuildEvent>
</ItemDefinitionGroup>
<ItemDefinitionGroup Condition="'$(Configuration)|$(Platform)'=='Profile|Win32'">
<ClCompile>
<WarningLevel>Level4</WarningLevel>
<Optimization>MaxSpeed</Optimization>
<RuntimeLibrary>MultiThreadedDLL</RuntimeLibrary>
<OpenMPSupport>false</OpenMPSupport>
<FunctionLevelLinking>true</FunctionLevelLinking>
<IntrinsicFunctions>true</IntrinsicFunctions>
<FloatingPointModel>Fast</FloatingPointModel>
<EnableEnhancedInstructionSet>StreamingSIMDExtensions2</EnableEnhancedInstructionSet>
<ExceptionHandling>Sync</ExceptionHandling>
<AdditionalIncludeDirectories>..\..\\Core;..\..\\Optional;%(AdditionalIncludeDirectories)</AdditionalIncludeDirectories>
<AdditionalOptions> %(AdditionalOptions)</AdditionalOptions>
<PreprocessorDefinitions>WIN32;NDEBUG;PROFILE;_WINDOWS;_LIB;D3DXFX_LARGEADDRESS_HANDLE;%(PreprocessorDefinitions)</PreprocessorDefinitions>
</ClCompile>
<Link>
<AdditionalOptions> %(AdditionalOptions)</AdditionalOptions>
<AdditionalDependencies>%(AdditionalDependencies)</AdditionalDependencies>
<GenerateDebugInformation>true</GenerateDebugInformation>
<SubSystem>Windows</SubSystem>
<OptimizeReferences>true</OptimizeReferences>
<EnableCOMDATFolding>true</EnableCOMDATFolding>
<LargeAddressAware>true</LargeAddressAware>
<RandomizedBaseAddress>true</RandomizedBaseAddress>
<DataExecutionPrevention>true</DataExecutionPrevention>
<TargetMachine>MachineX86</TargetMachine>
<UACExecutionLevel>AsInvoker</UACExecutionLevel>
<DelayLoadDLLs>%(DelayLoadDLLs)</DelayLoadDLLs>
</Link>
<Manifest>
<EnableDPIAwareness>false</EnableDPIAwareness>
</Manifest>
<PreBuildEvent>
<Command></Command>
</PreBuildEvent>
<PostBuildEvent>
<Command></Command>
</PostBuildEvent>
</ItemDefinitionGroup>
<ItemDefinitionGroup Condition="'$(Configuration)|$(Platform)'=='Profile|X64'">
<ClCompile>
<WarningLevel>Level4</WarningLevel>
<Optimization>MaxSpeed</Optimization>
<RuntimeLibrary>MultiThreadedDLL</RuntimeLibrary>
<OpenMPSupport>false</OpenMPSupport>
<FunctionLevelLinking>true</FunctionLevelLinking>
<IntrinsicFunctions>true</IntrinsicFunctions>
<FloatingPointModel>Fast</FloatingPointModel>
<ExceptionHandling>Sync</ExceptionHandling>
<AdditionalIncludeDirectories>..\..\\Core;..\..\\Optional;%(AdditionalIncludeDirectories)
      </AdditionalIncludeDirectories>
<AdditionalOptions> %(AdditionalOptions)</AdditionalOptions>
<PreprocessorDefinitions>WIN32;NDEBUG;PROFILE;_WINDOWS;_LIB;D3DXFX_LARGEADDRESS_HANDLE;%(PreprocessorDefinitions)</PreprocessorDefinitions>
</ClCompile>
<Link>
<AdditionalOptions> %(AdditionalOptions)</AdditionalOptions>
<AdditionalDependencies>%(AdditionalDependencies)</AdditionalDependencies>
<GenerateDebugInformation>true</GenerateDebugInformation>
<SubSystem>Windows</SubSystem>
<OptimizeReferences>true</OptimizeReferences>
<EnableCOMDATFolding>true</EnableCOMDATFolding>
<LargeAddressAware>true</LargeAddressAware>
<RandomizedBaseAddress>true</RandomizedBaseAddress>
<DataExecutionPrevention>true</DataExecutionPrevention>
<TargetMachine>MachineX64</TargetMachine>
<UACExecutionLevel>AsInvoker</UACExecutionLevel>
<DelayLoadDLLs>%(DelayLoadDLLs)</DelayLoadDLLs>
</Link>
<Manifest>
<EnableDPIAwareness>false</EnableDPIAwareness>
</Manifest>
<PreBuildEvent>
<Command></Command>
</PreBuildEvent>
<PostBuildEvent>
<Command></Command>
</PostBuildEvent>
</ItemDefinitionGroup>
<ItemGroup />
<ItemGroup>
      <ClCompile Include="DXUT.cpp" />
      <CLInclude Include="DXUT.h" />
      <ClCompile Include="DXUTDevice11.cpp" />
      <CLInclude Include="DXUTDevice11.h" />
      <ClCompile Include="DXUTDevice9.cpp" />
      <CLInclude Include="DXUTDevice9.h" />
      <ClCompile Include="DXUTmisc.cpp" />
      <CLInclude Include="DXUTmisc.h" />
  </ItemGroup>
<ItemGroup>
</ItemGroup>
<ItemGroup>
</ItemGroup>
<ItemGroup>
</ItemGroup>
<ItemGroup>
</ItemGroup>
<Import Project="$(VCTargetsPath)\Microsoft.Cpp.targets" />
<ImportGroup Label="ExtensionTargets" />
</Project>
